enc_pos,rec_pos,list_type,subject,item
13,,perceptual,4,control
13,,emotional,4,control
12,5,perceptual,4,control
13,4,perceptual,4,control
11,6,perceptual,4,control
13,,perceptual,4,control
7,,perceptual,4,control
7,2,perceptual,4,control
7,2,perceptual,4,control
7,,perceptual,4,control
13,,perceptual,4,control
12,,emotional,4,control
12,6,emotional,4,control
7,2,perceptual,4,control
8,4,perceptual,4,control
12,7,perceptual,4,control
12,,emotional,4,control
13,,perceptual,4,control
11,5,perceptual,4,control
7,,emotional,4,control
13,5,emotional,4,control
12,1,emotional,4,control
11,,emotional,4,control
7,3,perceptual,4,control
8,2,emotional,4,control
13,,perceptual,4,control
12,,emotional,4,control
13,,emotional,4,control
11,,perceptual,4,control
7,6,perceptual,4,control
13,,emotional,4,control
11,,emotional,4,control
13,6,emotional,4,control
13,,emotional,4,control
13,5,emotional,4,control
11,8,emotional,4,control
12,6,emotional,4,control
11,2,emotional,4,control
13,3,perceptual,4,control
13,2,emotional,4,control
7,5,emotional,5,control
11,,perceptual,5,control
13,2,emotional,5,control
12,,perceptual,5,control
11,,emotional,5,control
8,,emotional,5,control
13,,perceptual,5,control
8,,emotional,5,control
13,,emotional,5,control
13,,perceptual,5,control
7,,perceptual,5,control
7,,emotional,5,control
8,,perceptual,5,control
13,4,perceptual,5,control
8,,emotional,5,control
7,,emotional,5,control
13,7,emotional,5,control
7,,emotional,5,control
13,6,emotional,5,control
12,4,perceptual,5,control
7,,perceptual,5,control
11,7,perceptual,5,control
8,,perceptual,5,control
13,,perceptual,5,control
13,,perceptual,5,control
8,,emotional,5,control
13,,emotional,5,control
12,,emotional,5,control
13,8,perceptual,5,control
13,,perceptual,5,control
13,6,perceptual,5,control
13,,emotional,5,control
13,2,emotional,5,control
7,4,emotional,5,control
12,5,perceptual,5,control
13,7,perceptual,5,control
8,9,emotional,5,control
11,,emotional,5,control
12,,perceptual,5,control
11,10,perceptual,5,control
7,,emotional,6,control
13,,emotional,6,control
11,,perceptual,6,control
13,,perceptual,6,control
8,,emotional,6,control
13,3,perceptual,6,control
12,,emotional,6,control
13,,emotional,6,control
12,1,perceptual,6,control
13,,perceptual,6,control
13,2,perceptual,6,control
12,6,emotional,6,control
7,,perceptual,6,control
12,,perceptual,6,control
13,,emotional,6,control
12,,emotional,6,control
12,7,perceptual,6,control
13,,emotional,6,control
12,,emotional,6,control
7,,emotional,6,control
8,,perceptual,6,control
13,,perceptual,6,control
13,2,emotional,6,control
11,6,perceptual,6,control
11,,perceptual,6,control
11,,emotional,6,control
11,,perceptual,6,control
12,,perceptual,6,control
8,,emotional,6,control
7,7,emotional,6,control
12,,emotional,6,control
12,9,perceptual,6,control
13,2,perceptual,6,control
8,4,emotional,6,control
12,2,emotional,6,control
7,5,emotional,6,control
13,3,emotional,6,control
8,2,perceptual,6,control
13,,perceptual,6,control
7,5,perceptual,6,control
12,,perceptual,7,control
8,,emotional,7,control
7,1,perceptual,7,control
8,,emotional,7,control
13,,perceptual,7,control
13,,emotional,7,control
13,1,emotional,7,control
13,,emotional,7,control
12,9,perceptual,7,control
7,,perceptual,7,control
12,8,perceptual,7,control
13,,perceptual,7,control
7,,perceptual,7,control
8,8,emotional,7,control
12,8,perceptual,7,control
8,2,emotional,7,control
13,,emotional,7,control
12,,emotional,7,control
12,4,perceptual,7,control
11,7,emotional,7,control
11,,emotional,7,control
13,,emotional,7,control
7,7,perceptual,7,control
13,1,perceptual,7,control
13,1,emotional,7,control
8,1,perceptual,7,control
7,5,emotional,7,control
7,,emotional,7,control
11,6,perceptual,7,control
8,,emotional,7,control
13,,perceptual,7,control
12,5,perceptual,7,control
7,4,perceptual,7,control
13,,emotional,7,control
13,,emotional,7,control
,,,,control
11,4,emotional,7,control
12,,perceptual,7,control
12,2,perceptual,7,control
13,1,perceptual,7,control
12,10,perceptual,9,control
13,2,perceptual,9,control
8,,perceptual,9,control
7,9,perceptual,9,control
13,,perceptual,9,control
13,,perceptual,9,control
13,4,emotional,9,control
12,2,perceptual,9,control
8,3,perceptual,9,control
12,7,perceptual,9,control
12,,perceptual,9,control
13,6,perceptual,9,control
12,2,emotional,9,control
13,4,emotional,9,control
13,4,emotional,9,control
12,,emotional,9,control
13,,emotional,9,control
13,3,emotional,9,control
7,3,perceptual,9,control
11,7,emotional,9,control
7,2,emotional,9,control
12,1,perceptual,9,control
12,4,emotional,9,control
11,,emotional,9,control
11,,perceptual,9,control
8,,emotional,9,control
13,4,emotional,9,control
7,4,emotional,9,control
11,4,perceptual,9,control
11,8,perceptual,9,control
11,8,emotional,9,control
,,,,control
12,8,emotional,9,control
12,,emotional,9,control
11,4,emotional,9,control
11,,perceptual,9,control
7,6,perceptual,9,control
7,2,emotional,9,control
7,,emotional,9,control
12,,perceptual,9,control
13,,perceptual,10,control
12,2,emotional,10,control
8,,emotional,10,control
12,,emotional,10,control
12,,emotional,10,control
11,4,emotional,10,control
13,2,emotional,10,control
7,5,perceptual,10,control
13,2,emotional,10,control
12,5,emotional,10,control
13,,perceptual,10,control
12,5,perceptual,10,control
13,2,emotional,10,control
11,7,perceptual,10,control
13,8,emotional,10,control
7,,perceptual,10,control
11,9,emotional,10,control
13,,perceptual,10,control
8,,emotional,10,control
7,3,emotional,10,control
7,,emotional,10,control
13,4,perceptual,10,control
7,6,perceptual,10,control
13,,emotional,10,control
7,,perceptual,10,control
12,2,perceptual,10,control
11,,emotional,10,control
12,6,perceptual,10,control
13,6,emotional,10,control
7,,perceptual,10,control
12,,emotional,10,control
13,7,perceptual,10,control
7,,emotional,10,control
13,,perceptual,10,control
11,,perceptual,10,control
7,,emotional,10,control
12,,perceptual,10,control
8,,perceptual,10,control
11,,perceptual,10,control
7,,perceptual,10,control
12,6,emotional,11,control
11,,perceptual,11,control
13,,emotional,11,control
12,3,perceptual,11,control
13,5,perceptual,11,control
12,1,perceptual,11,control
7,,perceptual,11,control
13,5,perceptual,11,control
11,,perceptual,11,control
11,,perceptual,11,control
12,,emotional,11,control
12,,perceptual,11,control
13,5,perceptual,11,control
7,3,emotional,11,control
11,,perceptual,11,control
12,8,perceptual,11,control
12,3,emotional,11,control
8,6,perceptual,11,control
11,,emotional,11,control
12,13,emotional,11,control
7,7,emotional,11,control
13,7,perceptual,11,control
7,7,emotional,11,control
8,9,emotional,11,control
7,5,perceptual,11,control
7,10,emotional,11,control
13,5,emotional,11,control
11,10,perceptual,11,control
11,11,emotional,11,control
7,,emotional,11,control
12,,perceptual,11,control
13,,emotional,11,control
7,,emotional,11,control
7,12,emotional,11,control
12,8,emotional,11,control
12,6,emotional,11,control
12,5,perceptual,11,control
7,,emotional,11,control
7,,perceptual,11,control
12,6,perceptual,11,control
13,,perceptual,12,control
8,,perceptual,12,control
13,6,perceptual,12,control
8,6,perceptual,12,control
8,,emotional,12,control
7,,emotional,12,control
7,6,perceptual,12,control
13,,perceptual,12,control
8,3,perceptual,12,control
11,4,perceptual,12,control
8,,emotional,12,control
13,10,emotional,12,control
7,7,perceptual,12,control
7,,perceptual,12,control
13,7,perceptual,12,control
7,3,emotional,12,control
12,2,perceptual,12,control
11,7,emotional,12,control
8,,emotional,12,control
13,9,perceptual,12,control
13,8,emotional,12,control
7,6,emotional,12,control
13,,emotional,12,control
13,7,perceptual,12,control
13,,emotional,12,control
13,,emotional,12,control
7,5,emotional,12,control
7,5,emotional,12,control
13,7,emotional,12,control
11,4,perceptual,12,control
8,5,emotional,12,control
13,,perceptual,12,control
8,5,emotional,12,control
13,10,emotional,12,control
7,,perceptual,12,control
13,,perceptual,12,control
8,,perceptual,12,control
7,,perceptual,12,control
13,2,emotional,12,control
8,2,emotional,12,control
13,5,emotional,14,control
8,3,emotional,14,control
12,10,emotional,14,control
13,,emotional,14,control
13,1,perceptual,14,control
13,,emotional,14,control
8,,perceptual,14,control
13,2,perceptual,14,control
11,,emotional,14,control
11,8,perceptual,14,control
12,10,perceptual,14,control
13,1,emotional,14,control
12,11,perceptual,14,control
13,,emotional,14,control
8,10,emotional,14,control
7,,emotional,14,control
8,,perceptual,14,control
13,7,emotional,14,control
7,5,emotional,14,control
7,,emotional,14,control
7,7,emotional,14,control
12,,emotional,14,control
8,,perceptual,14,control
13,,perceptual,14,control
7,9,emotional,14,control
13,,perceptual,14,control
8,,emotional,14,control
13,4,perceptual,14,control
11,1,perceptual,14,control
13,9,emotional,14,control
12,1,perceptual,14,control
11,,perceptual,14,control
13,3,perceptual,14,control
12,9,perceptual,14,control
13,,perceptual,14,control
12,,emotional,14,control
13,10,perceptual,14,control
11,,emotional,14,control
8,5,perceptual,14,control
12,,perceptual,14,control
7,,perceptual,15,control
13,7,perceptual,15,control
13,,emotional,15,control
7,2,perceptual,15,control
8,,emotional,15,control
13,2,emotional,15,control
13,,perceptual,15,control
11,6,emotional,15,control
12,,perceptual,15,control
7,6,emotional,15,control
7,7,emotional,15,control
8,4,perceptual,15,control
12,5,perceptual,15,control
12,,emotional,15,control
8,,perceptual,15,control
7,3,emotional,15,control
13,,emotional,15,control
7,,perceptual,15,control
7,,emotional,15,control
13,3,emotional,15,control
7,,perceptual,15,control
12,5,emotional,15,control
13,6,perceptual,15,control
11,5,perceptual,15,control
8,8,emotional,15,control
13,,emotional,15,control
7,,perceptual,15,control
7,3,perceptual,15,control
13,,perceptual,15,control
13,1,emotional,15,control
7,3,perceptual,15,control
12,,emotional,15,control
13,4,perceptual,15,control
13,,perceptual,15,control
12,,emotional,15,control
7,6,perceptual,15,control
13,2,emotional,15,control
11,,emotional,15,control
13,7,emotional,15,control
13,,perceptual,15,control
13,,emotional,16,control
13,5,perceptual,16,control
7,,emotional,16,control
13,2,emotional,16,control
7,,emotional,16,control
8,,emotional,16,control
,,,,control
13,7,emotional,16,control
12,,emotional,16,control
11,,emotional,16,control
7,,perceptual,16,control
7,5,emotional,16,control
12,,perceptual,16,control
11,,emotional,16,control
12,5,perceptual,16,control
13,4,perceptual,16,control
12,5,perceptual,16,control
12,,emotional,16,control
12,,perceptual,16,control
13,,perceptual,16,control
7,5,perceptual,16,control
13,,perceptual,16,control
12,,emotional,16,control
12,2,emotional,16,control
13,,perceptual,16,control
12,5,emotional,16,control
13,7,perceptual,16,control
12,,perceptual,16,control
13,,perceptual,16,control
11,,emotional,16,control
8,,emotional,16,control
12,,emotional,16,control
13,3,perceptual,16,control
8,,perceptual,16,control
13,,perceptual,16,control
8,,emotional,16,control
12,4,perceptual,16,control
13,1,emotional,16,control
7,,emotional,16,control
13,9,perceptual,16,control
7,,perceptual,17,control
7,8,perceptual,17,control
12,,emotional,17,control
7,6,perceptual,17,control
8,,emotional,17,control
7,4,emotional,17,control
13,,perceptual,17,control
13,2,emotional,17,control
8,5,perceptual,17,control
8,4,emotional,17,control
7,,emotional,17,control
7,,emotional,17,control
12,,perceptual,17,control
12,4,perceptual,17,control
13,,emotional,17,control
7,,perceptual,17,control
12,,emotional,17,control
12,9,perceptual,17,control
13,,perceptual,17,control
11,,emotional,17,control
8,,perceptual,17,control
7,3,emotional,17,control
7,,emotional,17,control
12,,emotional,17,control
12,,perceptual,17,control
13,,emotional,17,control
13,4,perceptual,17,control
7,9,emotional,17,control
13,,emotional,17,control
11,,emotional,17,control
8,,perceptual,17,control
7,,perceptual,17,control
8,9,perceptual,17,control
8,9,perceptual,17,control
8,7,perceptual,17,control
12,13,emotional,17,control
8,1,emotional,17,control
13,6,emotional,17,control
7,,perceptual,17,control
7,,perceptual,17,control
7,,perceptual,18,control
8,,perceptual,18,control
13,,emotional,18,control
8,,perceptual,18,control
13,6,perceptual,18,control
13,4,perceptual,18,control
8,,emotional,18,control
7,,emotional,18,control
13,11,perceptual,18,control
12,5,emotional,18,control
8,,emotional,18,control
13,3,emotional,18,control
11,,perceptual,18,control
13,10,perceptual,18,control
13,6,perceptual,18,control
13,,perceptual,18,control
13,,emotional,18,control
13,,perceptual,18,control
7,,perceptual,18,control
8,,emotional,18,control
7,2,emotional,18,control
13,,emotional,18,control
7,,perceptual,18,control
13,1,emotional,18,control
8,,perceptual,18,control
8,,emotional,18,control
13,,perceptual,18,control
11,,emotional,18,control
13,,emotional,18,control
8,,emotional,18,control
7,,perceptual,18,control
12,,emotional,18,control
7,,perceptual,18,control
13,,emotional,18,control
7,9,perceptual,18,control
12,,emotional,18,control
7,6,emotional,18,control
13,,emotional,18,control
8,4,perceptual,18,control
13,,perceptual,18,control
13,,emotional,19,control
12,,emotional,19,control
13,,emotional,19,control
7,1,perceptual,19,control
13,,emotional,19,control
11,,perceptual,19,control
12,4,emotional,19,control
12,,perceptual,19,control
11,3,perceptual,19,control
12,,emotional,19,control
13,,perceptual,19,control
7,7,perceptual,19,control
7,7,perceptual,19,control
13,,emotional,19,control
12,1,perceptual,19,control
11,,emotional,19,control
13,,emotional,19,control
7,,emotional,19,control
7,,perceptual,19,control
8,,emotional,19,control
8,5,perceptual,19,control
11,1,perceptual,19,control
11,4,emotional,19,control
12,5,perceptual,19,control
13,9,emotional,19,control
13,,perceptual,19,control
13,,emotional,19,control
11,2,perceptual,19,control
12,,perceptual,19,control
13,7,emotional,19,control
12,2,perceptual,19,control
11,,emotional,19,control
8,,emotional,19,control
8,,perceptual,19,control
12,4,perceptual,19,control
13,7,emotional,19,control
12,,emotional,19,control
12,,emotional,19,control
7,2,perceptual,19,control
13,,perceptual,19,control
8,1,perceptual,20,control
8,,perceptual,20,control
13,4,perceptual,20,control
7,9,perceptual,20,control
13,2,emotional,20,control
12,,emotional,20,control
8,,emotional,20,control
8,5,perceptual,20,control
11,4,emotional,20,control
8,7,perceptual,20,control
11,,perceptual,20,control
11,,emotional,20,control
13,1,emotional,20,control
8,5,perceptual,20,control
13,,perceptual,20,control
13,7,emotional,20,control
8,,perceptual,20,control
12,,perceptual,20,control
8,,perceptual,20,control
8,1,emotional,20,control
11,6,emotional,20,control
11,7,emotional,20,control
13,,emotional,20,control
8,,perceptual,20,control
7,,perceptual,20,control
11,2,emotional,20,control
7,,emotional,20,control
7,8,perceptual,20,control
13,3,perceptual,20,control
12,,perceptual,20,control
7,,emotional,20,control
12,3,emotional,20,control
11,5,perceptual,20,control
7,,emotional,20,control
12,,perceptual,20,control
7,,emotional,20,control
7,,emotional,20,control
7,5,perceptual,20,control
7,4,emotional,20,control
12,4,emotional,20,control
13,4,perceptual,21,control
7,,perceptual,21,control
7,,emotional,21,control
11,9,emotional,21,control
12,,perceptual,21,control
12,,perceptual,21,control
8,,emotional,21,control
11,5,emotional,21,control
11,8,perceptual,21,control
8,,emotional,21,control
13,,perceptual,21,control
8,,emotional,21,control
11,,perceptual,21,control
13,1,emotional,21,control
13,,emotional,21,control
13,,emotional,21,control
12,,perceptual,21,control
11,1,perceptual,21,control
8,,perceptual,21,control
13,5,emotional,21,control
11,,perceptual,21,control
7,5,perceptual,21,control
7,4,emotional,21,control
12,9,perceptual,21,control
8,7,emotional,21,control
7,9,perceptual,21,control
7,,emotional,21,control
12,,emotional,21,control
13,3,emotional,21,control
7,8,emotional,21,control
13,4,emotional,21,control
12,2,emotional,21,control
12,7,perceptual,21,control
13,3,perceptual,21,control
7,2,perceptual,21,control
7,,emotional,21,control
13,,perceptual,21,control
12,2,perceptual,21,control
7,7,perceptual,21,control
13,,emotional,21,control
13,5,emotional,22,control
13,3,emotional,22,control
12,9,emotional,22,control
12,5,perceptual,22,control
12,5,emotional,22,control
12,2,perceptual,22,control
8,,emotional,22,control
7,10,perceptual,22,control
13,,emotional,22,control
8,,emotional,22,control
13,,perceptual,22,control
13,4,perceptual,22,control
13,,emotional,22,control
7,9,perceptual,22,control
13,7,perceptual,22,control
12,5,emotional,22,control
8,9,emotional,22,control
12,4,perceptual,22,control
12,11,perceptual,22,control
13,,perceptual,22,control
13,6,emotional,22,control
7,,emotional,22,control
8,,perceptual,22,control
12,10,perceptual,22,control
7,6,perceptual,22,control
12,6,emotional,22,control
8,8,emotional,22,control
12,10,perceptual,22,control
12,,perceptual,22,control
8,,perceptual,22,control
13,8,emotional,22,control
12,10,emotional,22,control
13,,emotional,22,control
13,,emotional,22,control
13,9,perceptual,22,control
7,6,emotional,22,control
13,,perceptual,22,control
7,6,perceptual,22,control
13,8,perceptual,22,control
12,4,emotional,22,control
13,4,emotional,23,control
11,5,emotional,23,control
13,,emotional,23,control
13,3,perceptual,23,control
7,7,emotional,23,control
7,,perceptual,23,control
11,6,emotional,23,control
13,9,perceptual,23,control
13,3,perceptual,23,control
13,,perceptual,23,control
12,,emotional,23,control
11,2,emotional,23,control
7,,emotional,23,control
12,7,emotional,23,control
11,14,emotional,23,control
7,,perceptual,23,control
8,,emotional,23,control
13,,emotional,23,control
7,,emotional,23,control
7,,perceptual,23,control
13,,perceptual,23,control
12,,emotional,23,control
13,,emotional,23,control
12,,perceptual,23,control
12,,emotional,23,control
12,,perceptual,23,control
12,,emotional,23,control
13,,perceptual,23,control
12,,perceptual,23,control
11,,emotional,23,control
13,,perceptual,23,control
13,,perceptual,23,control
13,,perceptual,23,control
8,,perceptual,23,control
13,,perceptual,23,control
11,,perceptual,23,control
13,,perceptual,23,control
8,,emotional,23,control
13,,perceptual,23,control
13,,emotional,23,control
13,7,perceptual,24,control
11,3,emotional,24,control
7,4,perceptual,24,control
8,,emotional,24,control
7,,perceptual,24,control
12,7,emotional,24,control
12,2,emotional,24,control
7,9,emotional,24,control
11,,emotional,24,control
12,,emotional,24,control
8,,perceptual,24,control
7,,perceptual,24,control
7,7,emotional,24,control
13,1,perceptual,24,control
13,,perceptual,24,control
13,1,perceptual,24,control
7,,emotional,24,control
7,,emotional,24,control
13,7,perceptual,24,control
11,1,emotional,24,control
12,,emotional,24,control
7,6,perceptual,24,control
7,,emotional,24,control
12,,emotional,24,control
13,,emotional,24,control
7,,emotional,24,control
7,1,perceptual,24,control
11,,perceptual,24,control
12,,perceptual,24,control
11,1,perceptual,24,control
7,,perceptual,24,control
7,10,perceptual,24,control
7,,emotional,24,control
13,,perceptual,24,control
13,,perceptual,24,control
7,,perceptual,24,control
7,,emotional,24,control
13,,emotional,24,control
8,,emotional,24,control
7,,perceptual,24,control
7,,perceptual,25,control
13,,perceptual,25,control
7,,perceptual,25,control
12,,emotional,25,control
12,,emotional,25,control
11,5,perceptual,25,control
7,,perceptual,25,control
8,1,emotional,25,control
13,,emotional,25,control
13,3,emotional,25,control
12,,perceptual,25,control
7,5,emotional,25,control
7,10,perceptual,25,control
7,,emotional,25,control
11,5,perceptual,25,control
13,1,emotional,25,control
12,,emotional,25,control
7,4,emotional,25,control
13,,emotional,25,control
13,,perceptual,25,control
12,1,perceptual,25,control
7,6,emotional,25,control
13,,emotional,25,control
13,3,perceptual,25,control
13,,perceptual,25,control
13,,emotional,25,control
,,,,control
12,7,emotional,25,control
7,,emotional,25,control
13,,emotional,25,control
11,3,perceptual,25,control
13,,emotional,25,control
12,5,emotional,25,control
12,,perceptual,25,control
13,6,perceptual,25,control
13,2,perceptual,25,control
12,5,emotional,25,control
11,,perceptual,25,control
8,,perceptual,25,control
7,3,perceptual,25,control
13,,emotional,26,control
11,,emotional,26,control
12,,emotional,26,control
7,,emotional,26,control
13,7,emotional,26,control
12,,emotional,26,control
8,4,perceptual,26,control
8,3,emotional,26,control
8,8,perceptual,26,control
7,,perceptual,26,control
11,10,perceptual,26,control
13,,perceptual,26,control
8,2,perceptual,26,control
8,,emotional,26,control
13,5,emotional,26,control
12,7,emotional,26,control
7,1,perceptual,26,control
13,4,perceptual,26,control
13,,emotional,26,control
7,,perceptual,26,control
12,3,emotional,26,control
13,,emotional,26,control
13,,perceptual,26,control
13,3,emotional,26,control
13,1,emotional,26,control
12,,emotional,26,control
7,,perceptual,26,control
13,,emotional,26,control
12,6,perceptual,26,control
13,4,perceptual,26,control
11,3,perceptual,26,control
13,4,perceptual,26,control
12,,emotional,26,control
11,6,perceptual,26,control
7,,emotional,26,control
11,,perceptual,26,control
13,,perceptual,26,control
7,9,perceptual,26,control
12,,perceptual,26,control
7,,emotional,26,control
13,,perceptual,27,control
11,5,emotional,27,control
13,,perceptual,27,control
8,2,emotional,27,control
12,7,perceptual,27,control
8,,perceptual,27,control
13,,perceptual,27,control
8,,perceptual,27,control
7,4,emotional,27,control
13,,emotional,27,control
13,,emotional,27,control
12,8,emotional,27,control
7,11,emotional,27,control
12,7,emotional,27,control
7,,emotional,27,control
11,,perceptual,27,control
7,,emotional,27,control
13,3,perceptual,27,control
13,,emotional,27,control
12,2,emotional,27,control
8,6,emotional,27,control
12,10,perceptual,27,control
13,,perceptual,27,control
12,,perceptual,27,control
8,3,perceptual,27,control
12,,emotional,27,control
13,,emotional,27,control
13,11,perceptual,27,control
7,1,emotional,27,control
7,,emotional,27,control
13,4,perceptual,27,control
7,,emotional,27,control
13,11,perceptual,27,control
11,,perceptual,27,control
11,,perceptual,27,control
13,,emotional,27,control
13,,perceptual,27,control
12,,emotional,27,control
11,,perceptual,27,control
11,,perceptual,27,control
7,,emotional,28,control
13,6,perceptual,28,control
12,3,perceptual,28,control
7,,emotional,28,control
12,,emotional,28,control
11,6,emotional,28,control
11,,emotional,28,control
8,5,perceptual,28,control
7,,emotional,28,control
12,,perceptual,28,control
13,5,perceptual,28,control
11,4,emotional,28,control
13,,emotional,28,control
13,,perceptual,28,control
12,6,perceptual,28,control
13,2,perceptual,28,control
12,,emotional,28,control
11,6,perceptual,28,control
12,7,emotional,28,control
7,7,emotional,28,control
12,4,perceptual,28,control
7,,emotional,28,control
13,2,emotional,28,control
13,2,perceptual,28,control
13,,emotional,28,control
13,4,emotional,28,control
12,,perceptual,28,control
13,8,emotional,28,control
7,,perceptual,28,control
13,2,emotional,28,control
8,2,perceptual,28,control
12,4,perceptual,28,control
13,,perceptual,28,control
7,,perceptual,28,control
12,1,emotional,28,control
13,1,perceptual,28,control
13,4,emotional,28,control
8,,perceptual,28,control
7,6,perceptual,28,control
12,,emotional,28,control
7,,emotional,29,control
12,,emotional,29,control
12,,perceptual,29,control
11,,emotional,29,control
13,,perceptual,29,control
8,5,perceptual,29,control
13,6,emotional,29,control
7,,perceptual,29,control
7,4,perceptual,29,control
13,,perceptual,29,control
11,10,perceptual,29,control
13,4,perceptual,29,control
12,,emotional,29,control
7,6,emotional,29,control
7,,emotional,29,control
13,,emotional,29,control
12,3,emotional,29,control
13,6,emotional,29,control
7,,emotional,29,control
13,,perceptual,29,control
7,5,emotional,29,control
11,4,perceptual,29,control
7,,emotional,29,control
8,3,emotional,29,control
7,,emotional,29,control
11,,emotional,29,control
7,,emotional,29,control
7,,emotional,29,control
12,,emotional,29,control
13,8,perceptual,29,control
7,6,perceptual,29,control
12,4,perceptual,29,control
7,,perceptual,29,control
7,,perceptual,29,control
8,,perceptual,29,control
7,,perceptual,29,control
7,,perceptual,29,control
11,,perceptual,29,control
8,,perceptual,29,control
8,,emotional,29,control
12,,emotional,30,control
12,2,emotional,30,control
13,2,perceptual,30,control
11,,perceptual,30,control
13,4,perceptual,30,control
13,4,emotional,30,control
11,3,emotional,30,control
7,2,emotional,30,control
12,,perceptual,30,control
13,,emotional,30,control
11,7,emotional,30,control
8,,perceptual,30,control
8,,emotional,30,control
12,,emotional,30,control
8,5,perceptual,30,control
7,3,emotional,30,control
13,,perceptual,30,control
11,,perceptual,30,control
11,4,perceptual,30,control
7,,perceptual,30,control
13,3,emotional,30,control
11,,perceptual,30,control
11,,emotional,30,control
7,8,perceptual,30,control
13,2,perceptual,30,control
11,6,perceptual,30,control
12,,emotional,30,control
7,6,perceptual,30,control
11,5,perceptual,30,control
7,3,emotional,30,control
11,,emotional,30,control
12,,perceptual,30,control
13,4,perceptual,30,control
7,3,emotional,30,control
12,,emotional,30,control
11,,perceptual,30,control
12,,emotional,30,control
13,,emotional,30,control
12,,emotional,30,control
12,,perceptual,30,control
8,,perceptual,31,control
7,,perceptual,31,control
12,,emotional,31,control
12,4,emotional,31,control
7,,emotional,31,control
7,,perceptual,31,control
12,,emotional,31,control
7,,perceptual,31,control
11,3,perceptual,31,control
8,2,emotional,31,control
12,1,perceptual,31,control
12,,perceptual,31,control
12,8,emotional,31,control
13,,perceptual,31,control
8,3,emotional,31,control
13,6,perceptual,31,control
12,11,emotional,31,control
12,,emotional,31,control
11,10,emotional,31,control
8,10,emotional,31,control
13,2,emotional,31,control
8,12,perceptual,31,control
11,7,emotional,31,control
12,,perceptual,31,control
8,3,perceptual,31,control
13,10,perceptual,31,control
8,,perceptual,31,control
7,9,emotional,31,control
8,2,perceptual,31,control
8,7,perceptual,31,control
12,,perceptual,31,control
8,,emotional,31,control
13,3,emotional,31,control
13,5,perceptual,31,control
13,7,perceptual,31,control
12,7,emotional,31,control
7,,perceptual,31,control
11,,emotional,31,control
11,,emotional,31,control
13,,emotional,31,control
7,,emotional,32,control
7,,emotional,32,control
13,2,emotional,32,control
13,6,perceptual,32,control
7,,emotional,32,control
13,4,perceptual,32,control
7,2,perceptual,32,control
13,,perceptual,32,control
12,,perceptual,32,control
13,6,emotional,32,control
13,,emotional,32,control
13,,perceptual,32,control
12,5,emotional,32,control
11,,emotional,32,control
12,,perceptual,32,control
11,,emotional,32,control
11,8,emotional,32,control
13,9,perceptual,32,control
7,,perceptual,32,control
12,2,perceptual,32,control
13,4,perceptual,32,control
13,,emotional,32,control
7,,perceptual,32,control
13,,emotional,32,control
13,8,emotional,32,control
13,1,emotional,32,control
12,8,perceptual,32,control
13,,perceptual,32,control
8,,perceptual,32,control
11,,perceptual,32,control
11,9,perceptual,32,control
7,2,perceptual,32,control
13,6,perceptual,32,control
11,,emotional,32,control
7,10,emotional,32,control
12,5,emotional,32,control
13,5,emotional,32,control
7,4,emotional,32,control
12,6,perceptual,32,control
12,10,emotional,32,control
11,3,perceptual,33,control
7,7,emotional,33,control
,,,,control
13,,perceptual,33,control
13,,perceptual,33,control
7,,perceptual,33,control
13,,emotional,33,control
13,,emotional,33,control
12,7,perceptual,33,control
13,,emotional,33,control
13,1,emotional,33,control
13,5,perceptual,33,control
12,,emotional,33,control
7,4,perceptual,33,control
12,8,emotional,33,control
8,,emotional,33,control
7,1,perceptual,33,control
12,3,emotional,33,control
13,,emotional,33,control
7,1,perceptual,33,control
13,7,perceptual,33,control
8,,emotional,33,control
12,,emotional,33,control
13,,emotional,33,control
8,3,perceptual,33,control
8,6,emotional,33,control
12,,perceptual,33,control
7,6,emotional,33,control
12,2,emotional,33,control
8,1,emotional,33,control
12,11,perceptual,33,control
13,4,perceptual,33,control
12,,perceptual,33,control
12,1,emotional,33,control
11,,emotional,33,control
7,,emotional,33,control
8,1,perceptual,33,control
12,,perceptual,33,control
13,,perceptual,33,control
7,6,perceptual,33,control
11,6,perceptual,34,control
8,2,emotional,34,control
7,4,emotional,34,control
12,4,emotional,34,control
8,4,perceptual,34,control
13,2,perceptual,34,control
7,2,emotional,34,control
11,4,perceptual,34,control
12,1,emotional,34,control
12,,emotional,34,control
11,7,perceptual,34,control
13,,emotional,34,control
12,6,perceptual,34,control
13,,emotional,34,control
13,8,emotional,34,control
12,,perceptual,34,control
7,,perceptual,34,control
13,,perceptual,34,control
12,2,perceptual,34,control
13,,perceptual,34,control
12,1,emotional,34,control
13,6,perceptual,34,control
12,5,perceptual,34,control
12,7,emotional,34,control
12,10,emotional,34,control
13,4,emotional,34,control
11,7,perceptual,34,control
12,5,perceptual,34,control
12,5,perceptual,34,control
13,,emotional,34,control
8,1,emotional,34,control
11,9,perceptual,34,control
7,5,emotional,34,control
12,,perceptual,34,control
8,,emotional,34,control
7,2,perceptual,34,control
13,9,perceptual,34,control
13,,emotional,34,control
7,,emotional,34,control
13,10,emotional,34,control
8,5,emotional,35,control
13,4,emotional,35,control
13,,emotional,35,control
13,,perceptual,35,control
11,,perceptual,35,control
13,,perceptual,35,control
8,,perceptual,35,control
8,3,emotional,35,control
13,,perceptual,35,control
12,,emotional,35,control
13,5,emotional,35,control
11,6,perceptual,35,control
13,,emotional,35,control
12,,emotional,35,control
8,7,perceptual,35,control
7,3,perceptual,35,control
7,4,perceptual,35,control
7,3,emotional,35,control
13,7,emotional,35,control
12,,emotional,35,control
12,5,emotional,35,control
13,,emotional,35,control
13,8,perceptual,35,control
13,10,perceptual,35,control
12,6,perceptual,35,control
13,3,emotional,35,control
13,,perceptual,35,control
13,13,perceptual,35,control
11,7,perceptual,35,control
8,,perceptual,35,control
7,5,perceptual,35,control
12,9,emotional,35,control
12,,perceptual,35,control
8,,emotional,35,control
11,10,emotional,35,control
11,9,perceptual,35,control
11,12,emotional,35,control
11,5,emotional,35,control
8,8,perceptual,35,control
13,,emotional,35,control
13,,emotional,36,control
13,,emotional,36,control
7,6,emotional,36,control
11,,perceptual,36,control
13,,perceptual,36,control
8,2,perceptual,36,control
12,,perceptual,36,control
7,2,emotional,36,control
13,,perceptual,36,control
7,,emotional,36,control
13,4,perceptual,36,control
8,4,perceptual,36,control
12,1,emotional,36,control
13,,emotional,36,control
7,7,perceptual,36,control
7,5,emotional,36,control
8,,emotional,36,control
12,,emotional,36,control
13,2,emotional,36,control
12,3,emotional,36,control
13,,emotional,36,control
12,3,perceptual,36,control
13,9,perceptual,36,control
12,9,perceptual,36,control
12,7,emotional,36,control
13,,emotional,36,control
12,4,perceptual,36,control
12,,emotional,36,control
13,,perceptual,36,control
13,5,perceptual,36,control
13,,emotional,36,control
11,8,perceptual,36,control
12,,emotional,36,control
13,5,emotional,36,control
12,5,perceptual,36,control
7,,perceptual,36,control
7,8,emotional,36,control
13,6,emotional,36,control
12,11,perceptual,36,control
11,,perceptual,36,control
13,5,perceptual,37,control
13,5,perceptual,37,control
13,,perceptual,37,control
8,,emotional,37,control
12,,perceptual,37,control
7,,emotional,37,control
7,,perceptual,37,control
11,3,perceptual,37,control
12,6,perceptual,37,control
7,,emotional,37,control
11,5,emotional,37,control
7,,perceptual,37,control
12,8,emotional,37,control
12,,emotional,37,control
12,1,emotional,37,control
12,1,emotional,37,control
13,3,emotional,37,control
8,5,perceptual,37,control
7,,emotional,37,control
8,1,emotional,37,control
12,,perceptual,37,control
8,,perceptual,37,control
8,2,perceptual,37,control
13,8,perceptual,37,control
13,,emotional,37,control
7,4,emotional,37,control
8,3,emotional,37,control
7,,emotional,37,control
8,6,perceptual,37,control
12,6,emotional,37,control
11,11,perceptual,37,control
7,,emotional,37,control
7,,perceptual,37,control
7,1,emotional,37,control
7,1,emotional,37,control
11,3,perceptual,37,control
7,,emotional,37,control
11,,perceptual,37,control
11,,perceptual,37,control
13,2,perceptual,37,control
12,,perceptual,38,control
12,4,emotional,38,control
13,,perceptual,38,control
7,7,perceptual,38,control
11,1,emotional,38,control
12,7,perceptual,38,control
13,,emotional,38,control
12,2,perceptual,38,control
13,1,perceptual,38,control
8,,emotional,38,control
12,7,emotional,38,control
12,,emotional,38,control
8,,emotional,38,control
13,1,perceptual,38,control
13,3,perceptual,38,control
13,5,perceptual,38,control
13,,perceptual,38,control
13,,emotional,38,control
13,,emotional,38,control
13,8,emotional,38,control
8,,perceptual,38,control
12,,emotional,38,control
12,,perceptual,38,control
13,1,perceptual,38,control
13,2,perceptual,38,control
12,,emotional,38,control
7,,emotional,38,control
7,,emotional,38,control
13,,emotional,38,control
7,,perceptual,38,control
12,,emotional,38,control
11,2,perceptual,38,control
13,,emotional,38,control
7,,emotional,38,control
11,4,perceptual,38,control
11,1,emotional,38,control
12,,perceptual,38,control
12,,emotional,38,control
11,7,perceptual,38,control
13,,perceptual,38,control
8,2,perceptual,39,control
13,,perceptual,39,control
12,5,perceptual,39,control
8,7,emotional,39,control
11,10,emotional,39,control
11,4,emotional,39,control
13,1,perceptual,39,control
13,3,perceptual,39,control
13,,emotional,39,control
11,,perceptual,39,control
7,6,emotional,39,control
11,,emotional,39,control
8,,emotional,39,control
13,,emotional,39,control
8,11,perceptual,39,control
13,,emotional,39,control
12,,emotional,39,control
11,5,perceptual,39,control
13,11,perceptual,39,control
13,5,emotional,39,control
13,,perceptual,39,control
7,,emotional,39,control
8,,emotional,39,control
11,,perceptual,39,control
11,7,perceptual,39,control
13,,emotional,39,control
12,10,emotional,39,control
7,,perceptual,39,control
11,,perceptual,39,control
13,7,perceptual,39,control
11,3,perceptual,39,control
13,2,perceptual,39,control
13,,perceptual,39,control
12,,emotional,39,control
12,,perceptual,39,control
7,8,emotional,39,control
12,8,perceptual,39,control
7,8,emotional,39,control
13,,emotional,39,control
12,,emotional,39,control
12,,emotional,40,control
12,,emotional,40,control
13,,perceptual,40,control
12,13,perceptual,40,control
7,,emotional,40,control
11,5,perceptual,40,control
13,9,perceptual,40,control
13,,emotional,40,control
8,5,emotional,40,control
13,,perceptual,40,control
12,4,emotional,40,control
11,3,emotional,40,control
13,,emotional,40,control
13,,emotional,40,control
7,,emotional,40,control
13,11,perceptual,40,control
8,7,perceptual,40,control
12,,perceptual,40,control
8,,emotional,40,control
12,10,perceptual,40,control
8,,perceptual,40,control
12,1,perceptual,40,control
7,,perceptual,40,control
7,,perceptual,40,control
7,,emotional,40,control
13,,emotional,40,control
13,,emotional,40,control
11,10,perceptual,40,control
13,,emotional,40,control
7,8,emotional,40,control
11,6,perceptual,40,control
7,5,emotional,40,control
13,,emotional,40,control
7,3,perceptual,40,control
12,4,perceptual,40,control
8,,emotional,40,control
13,,emotional,40,control
13,,emotional,40,control
11,,perceptual,40,control
13,1,perceptual,40,control
7,,perceptual,41,control
13,,perceptual,41,control
13,,emotional,41,control
12,6,emotional,41,control
8,,emotional,41,control
12,3,emotional,41,control
12,2,emotional,41,control
12,6,emotional,41,control
12,,emotional,41,control
7,1,emotional,41,control
11,1,emotional,41,control
7,1,emotional,41,control
7,,perceptual,41,control
12,3,perceptual,41,control
13,,perceptual,41,control
7,5,emotional,41,control
8,,perceptual,41,control
7,,perceptual,41,control
7,,perceptual,41,control
12,9,emotional,41,control
7,6,perceptual,41,control
7,,emotional,41,control
7,,perceptual,41,control
13,,perceptual,41,control
13,,emotional,41,control
12,,perceptual,41,control
13,,perceptual,41,control
12,,emotional,41,control
7,,perceptual,41,control
7,1,perceptual,41,control
7,,perceptual,41,control
7,4,emotional,41,control
13,,emotional,41,control
8,5,emotional,41,control
8,4,perceptual,41,control
11,,perceptual,41,control
13,6,perceptual,41,control
13,,perceptual,41,control
13,,emotional,41,control
8,,emotional,41,control
7,3,emotional,42,control
7,,perceptual,42,control
12,1,emotional,42,control
11,5,perceptual,42,control
8,4,emotional,42,control
13,7,emotional,42,control
8,,perceptual,42,control
12,,emotional,42,control
12,3,perceptual,42,control
13,1,perceptual,42,control
12,,perceptual,42,control
7,2,perceptual,42,control
13,4,perceptual,42,control
7,,perceptual,42,control
7,,emotional,42,control
7,,emotional,42,control
12,3,perceptual,42,control
7,1,perceptual,42,control
7,1,emotional,42,control
11,2,perceptual,42,control
13,6,perceptual,42,control
11,7,emotional,42,control
13,,emotional,42,control
8,,perceptual,42,control
8,9,perceptual,42,control
12,1,perceptual,42,control
13,,emotional,42,control
12,,emotional,42,control
8,,emotional,42,control
12,,emotional,42,control
8,,emotional,42,control
12,5,perceptual,42,control
7,,emotional,42,control
7,2,perceptual,42,control
13,,emotional,42,control
8,3,emotional,42,control
11,3,emotional,42,control
11,8,perceptual,42,control
12,3,perceptual,42,control
13,8,emotional,42,control
12,,emotional,43,control
13,2,emotional,43,control
13,,emotional,43,control
7,,emotional,43,control
12,2,emotional,43,control
7,5,perceptual,43,control
8,1,perceptual,43,control
13,4,emotional,43,control
13,,perceptual,43,control
12,7,perceptual,43,control
8,2,perceptual,43,control
8,4,perceptual,43,control
11,6,perceptual,43,control
8,8,emotional,43,control
13,4,perceptual,43,control
7,3,perceptual,43,control
13,,emotional,43,control
13,1,perceptual,43,control
12,,emotional,43,control
12,9,perceptual,43,control
13,1,perceptual,43,control
7,5,emotional,43,control
8,1,perceptual,43,control
13,3,emotional,43,control
13,9,perceptual,43,control
,,,,control
13,7,perceptual,43,control
12,6,emotional,43,control
11,1,perceptual,43,control
8,,emotional,43,control
13,,emotional,43,control
12,,perceptual,43,control
7,1,emotional,43,control
7,7,perceptual,43,control
12,10,emotional,43,control
13,,emotional,43,control
13,7,emotional,43,control
7,2,perceptual,43,control
7,,emotional,43,control
7,,perceptual,43,control
7,,emotional,44,control
8,,emotional,44,control
,,,,control
7,,emotional,44,control
13,3,perceptual,44,control
12,,emotional,44,control
7,,perceptual,44,control
13,,emotional,44,control
7,1,emotional,44,control
12,5,perceptual,44,control
7,,perceptual,44,control
7,8,emotional,44,control
13,6,perceptual,44,control
13,,perceptual,44,control
8,8,perceptual,44,control
12,9,emotional,44,control
11,5,perceptual,44,control
7,,perceptual,44,control
12,,emotional,44,control
13,,emotional,44,control
11,,perceptual,44,control
12,,perceptual,44,control
12,5,perceptual,44,control
8,7,emotional,44,control
12,,emotional,44,control
11,,perceptual,44,control
12,5,emotional,44,control
12,,emotional,44,control
13,7,perceptual,44,control
13,2,emotional,44,control
12,,emotional,44,control
13,,emotional,44,control
11,6,perceptual,44,control
7,5,perceptual,44,control
11,,emotional,44,control
7,,perceptual,44,control
11,,perceptual,44,control
12,,emotional,44,control
11,,emotional,44,control
12,1,perceptual,44,control
7,1,perceptual,45,control
7,,perceptual,45,control
8,,perceptual,45,control
13,6,emotional,45,control
12,6,emotional,45,control
12,8,perceptual,45,control
13,8,emotional,45,control
13,,perceptual,45,control
8,,perceptual,45,control
13,,perceptual,45,control
11,1,perceptual,45,control
8,,emotional,45,control
12,,emotional,45,control
12,,emotional,45,control
7,,perceptual,45,control
8,,emotional,45,control
13,,perceptual,45,control
13,5,emotional,45,control
11,1,perceptual,45,control
8,,emotional,45,control
12,,emotional,45,control
11,,emotional,45,control
12,7,emotional,45,control
13,,emotional,45,control
13,,perceptual,45,control
13,,perceptual,45,control
13,5,emotional,45,control
12,,emotional,45,control
11,,perceptual,45,control
12,7,emotional,45,control
7,1,perceptual,45,control
13,,emotional,45,control
7,3,perceptual,45,control
7,,emotional,45,control
13,,perceptual,45,control
7,8,perceptual,45,control
13,,emotional,45,control
13,,perceptual,45,control
12,4,perceptual,45,control
13,4,emotional,45,control
7,,perceptual,46,control
13,6,perceptual,46,control
13,,perceptual,46,control
13,,emotional,46,control
8,,perceptual,46,control
12,7,perceptual,46,control
13,9,perceptual,46,control
8,5,emotional,46,control
12,,perceptual,46,control
12,,emotional,46,control
13,4,emotional,46,control
8,,emotional,46,control
13,,emotional,46,control
12,8,perceptual,46,control
7,,emotional,46,control
12,6,perceptual,46,control
12,4,emotional,46,control
12,,perceptual,46,control
7,,emotional,46,control
13,7,emotional,46,control
12,5,perceptual,46,control
7,,emotional,46,control
7,4,perceptual,46,control
8,3,perceptual,46,control
7,,emotional,46,control
13,2,perceptual,46,control
7,6,perceptual,46,control
7,1,emotional,46,control
8,,emotional,46,control
13,,perceptual,46,control
7,3,emotional,46,control
7,,emotional,46,control
7,7,perceptual,46,control
7,,emotional,46,control
,,,,control
12,1,emotional,46,control
7,,perceptual,46,control
12,12,perceptual,46,control
12,7,perceptual,46,control
13,,emotional,46,control
11,,perceptual,47,control
7,,perceptual,47,control
12,2,emotional,47,control
7,1,perceptual,47,control
13,,emotional,47,control
11,6,emotional,47,control
12,,perceptual,47,control
7,,perceptual,47,control
13,6,perceptual,47,control
13,2,perceptual,47,control
12,,perceptual,47,control
8,,perceptual,47,control
13,,perceptual,47,control
12,,emotional,47,control
13,7,emotional,47,control
13,5,emotional,47,control
11,8,emotional,47,control
13,,perceptual,47,control
13,,perceptual,47,control
13,6,perceptual,47,control
8,,emotional,47,control
12,,perceptual,47,control
12,,emotional,47,control
12,3,perceptual,47,control
13,6,perceptual,47,control
7,1,emotional,47,control
13,1,perceptual,47,control
13,,emotional,47,control
12,,emotional,47,control
7,,emotional,47,control
13,,emotional,47,control
13,1,emotional,47,control
7,1,perceptual,47,control
12,,emotional,47,control
13,4,perceptual,47,control
12,,emotional,47,control
12,3,perceptual,47,control
13,,emotional,47,control
13,,emotional,47,control
7,,emotional,47,control
8,,emotional,48,control
13,,emotional,48,control
12,,emotional,48,control
12,,perceptual,48,control
7,,emotional,48,control
8,,emotional,48,control
13,4,emotional,48,control
11,4,perceptual,48,control
11,4,perceptual,48,control
7,1,emotional,48,control
12,7,emotional,48,control
13,1,perceptual,48,control
11,3,emotional,48,control
13,5,perceptual,48,control
7,,emotional,48,control
8,1,perceptual,48,control
11,,perceptual,48,control
13,6,perceptual,48,control
7,,emotional,48,control
12,1,perceptual,48,control
8,1,emotional,48,control
13,,emotional,48,control
13,1,perceptual,48,control
12,,perceptual,48,control
7,,emotional,48,control
13,,emotional,48,control
7,,emotional,48,control
13,,perceptual,48,control
13,,perceptual,48,control
8,8,perceptual,48,control
12,2,emotional,48,control
7,,emotional,48,control
7,,emotional,48,control
12,,perceptual,48,control
8,6,perceptual,48,control
13,,perceptual,48,control
12,,perceptual,48,control
13,,emotional,48,control
13,6,perceptual,48,control
12,6,perceptual,48,control
12,,perceptual,49,control
8,2,emotional,49,control
7,5,perceptual,49,control
11,,emotional,49,control
7,7,perceptual,49,control
13,,emotional,49,control
12,,emotional,49,control
7,,perceptual,49,control
11,,perceptual,49,control
7,3,emotional,49,control
13,4,emotional,49,control
8,,emotional,49,control
11,3,perceptual,49,control
7,,emotional,49,control
13,3,emotional,49,control
7,4,perceptual,49,control
12,,emotional,49,control
13,,emotional,49,control
13,,perceptual,49,control
13,,perceptual,49,control
13,2,emotional,49,control
11,,emotional,49,control
13,6,perceptual,49,control
7,3,perceptual,49,control
13,,emotional,49,control
13,7,perceptual,49,control
11,,perceptual,49,control
13,2,perceptual,49,control
11,2,emotional,49,control
12,7,emotional,49,control
12,5,perceptual,49,control
12,,perceptual,49,control
8,,perceptual,49,control
11,6,emotional,49,control
13,,perceptual,49,control
13,5,emotional,49,control
11,3,perceptual,49,control
13,2,emotional,49,control
13,,emotional,49,control
7,1,perceptual,49,control
13,,perceptual,50,control
13,,emotional,50,control
12,,perceptual,50,control
7,7,emotional,50,control
12,6,perceptual,50,control
13,4,perceptual,50,control
8,6,emotional,50,control
7,2,perceptual,50,control
8,4,perceptual,50,control
8,7,emotional,50,control
7,,emotional,50,control
13,3,perceptual,50,control
12,2,perceptual,50,control
11,3,perceptual,50,control
13,5,perceptual,50,control
13,3,emotional,50,control
13,3,emotional,50,control
7,,perceptual,50,control
12,,perceptual,50,control
7,2,emotional,50,control
8,,emotional,50,control
7,,emotional,50,control
12,1,perceptual,50,control
7,,emotional,50,control
13,6,emotional,50,control
7,6,emotional,50,control
7,1,emotional,50,control
13,4,emotional,50,control
8,,emotional,50,control
11,2,emotional,50,control
13,7,perceptual,50,control
7,11,emotional,50,control
13,5,perceptual,50,control
8,,perceptual,50,control
8,8,perceptual,50,control
8,1,perceptual,50,control
12,,perceptual,50,control
12,11,emotional,50,control
12,,emotional,50,control
13,,perceptual,50,control
11,,emotional,51,control
7,10,perceptual,51,control
13,5,perceptual,51,control
12,5,emotional,51,control
12,,emotional,51,control
7,,perceptual,51,control
8,2,emotional,51,control
13,1,emotional,51,control
13,8,perceptual,51,control
13,1,perceptual,51,control
7,10,perceptual,51,control
13,9,perceptual,51,control
12,8,emotional,51,control
12,7,perceptual,51,control
12,4,emotional,51,control
13,,emotional,51,control
12,,emotional,51,control
7,11,emotional,51,control
13,5,perceptual,51,control
7,,perceptual,51,control
7,4,perceptual,51,control
13,1,emotional,51,control
12,2,perceptual,51,control
12,7,perceptual,51,control
12,4,emotional,51,control
11,4,emotional,51,control
13,1,perceptual,51,control
8,,emotional,51,control
,,,,control
11,,perceptual,51,control
13,10,perceptual,51,control
13,4,perceptual,51,control
7,1,emotional,51,control
11,4,perceptual,51,control
12,2,emotional,51,control
12,6,perceptual,51,control
8,,emotional,51,control
7,3,emotional,51,control
11,,perceptual,51,control
8,,emotional,51,control
12,5,perceptual,52,control
7,,emotional,52,control
7,5,perceptual,52,control
13,6,perceptual,52,control
12,4,emotional,52,control
13,,perceptual,52,control
12,,perceptual,52,control
12,,emotional,52,control
11,2,emotional,52,control
7,4,emotional,52,control
8,,perceptual,52,control
11,,perceptual,52,control
7,,emotional,52,control
7,2,emotional,52,control
7,,perceptual,52,control
13,2,emotional,52,control
12,1,perceptual,52,control
12,,emotional,52,control
13,,perceptual,52,control
12,,emotional,52,control
7,3,perceptual,52,control
7,1,emotional,52,control
13,,perceptual,52,control
11,,perceptual,52,control
8,1,perceptual,52,control
12,6,emotional,52,control
7,4,perceptual,52,control
13,,emotional,52,control
7,,emotional,52,control
8,3,emotional,52,control
7,1,emotional,52,control
8,3,emotional,52,control
13,,perceptual,52,control
13,,perceptual,52,control
13,11,perceptual,52,control
11,,perceptual,52,control
13,9,emotional,52,control
7,,perceptual,52,control
11,6,emotional,52,control
,,,,control
12,6,perceptual,53,control
7,2,emotional,53,control
12,,perceptual,53,control
7,,emotional,53,control
13,,emotional,53,control
7,,emotional,53,control
12,,emotional,53,control
8,,perceptual,53,control
11,3,emotional,53,control
13,,perceptual,53,control
7,5,emotional,53,control
13,,perceptual,53,control
8,,perceptual,53,control
7,1,perceptual,53,control
12,1,emotional,53,control
13,,perceptual,53,control
7,,emotional,53,control
13,3,emotional,53,control
7,,emotional,53,control
13,3,perceptual,53,control
12,,emotional,53,control
13,1,emotional,53,control
11,,perceptual,53,control
8,8,perceptual,53,control
13,2,emotional,53,control
13,11,perceptual,53,control
11,,emotional,53,control
13,,emotional,53,control
7,3,perceptual,53,control
12,,perceptual,53,control
13,2,perceptual,53,control
13,,perceptual,53,control
11,9,emotional,53,control
11,,perceptual,53,control
12,,emotional,53,control
11,,perceptual,53,control
7,,emotional,53,control
13,,emotional,53,control
7,,perceptual,53,control
8,8,perceptual,53,control
8,,emotional,54,control
11,,perceptual,54,control
12,6,emotional,54,control
13,,perceptual,54,control
13,6,emotional,54,control
7,6,perceptual,54,control
11,,emotional,54,control
12,4,perceptual,54,control
12,2,emotional,54,control
13,3,perceptual,54,control
13,,perceptual,54,control
7,10,emotional,54,control
12,3,emotional,54,control
11,5,perceptual,54,control
13,1,emotional,54,control
12,3,emotional,54,control
12,4,emotional,54,control
12,3,emotional,54,control
12,7,emotional,54,control
7,5,perceptual,54,control
12,,perceptual,54,control
13,7,perceptual,54,control
7,,perceptual,54,control
8,,emotional,54,control
13,10,perceptual,54,control
13,,perceptual,54,control
13,4,emotional,54,control
12,7,emotional,54,control
12,11,perceptual,54,control
13,5,perceptual,54,control
12,6,emotional,54,control
13,,emotional,54,control
13,9,emotional,54,control
7,,emotional,54,control
11,1,perceptual,54,control
7,6,perceptual,54,control
13,7,perceptual,54,control
7,5,perceptual,54,control
7,5,perceptual,54,control
13,,emotional,54,control
11,,perceptual,55,control
12,,perceptual,55,control
7,5,emotional,55,control
13,2,emotional,55,control
12,4,emotional,55,control
7,,perceptual,55,control
13,5,perceptual,55,control
11,,emotional,55,control
7,2,perceptual,55,control
12,,perceptual,55,control
12,,perceptual,55,control
7,3,perceptual,55,control
13,4,emotional,55,control
12,,perceptual,55,control
13,2,perceptual,55,control
12,3,perceptual,55,control
8,4,emotional,55,control
12,4,perceptual,55,control
13,5,perceptual,55,control
12,1,emotional,55,control
12,6,perceptual,55,control
11,,emotional,55,control
7,4,emotional,55,control
8,,perceptual,55,control
7,,emotional,55,control
13,5,emotional,55,control
11,1,emotional,55,control
12,3,perceptual,55,control
7,,emotional,55,control
7,,emotional,55,control
8,,emotional,55,control
12,3,perceptual,55,control
11,,perceptual,55,control
13,3,perceptual,55,control
12,7,emotional,55,control
7,7,emotional,55,control
7,10,perceptual,55,control
7,,emotional,55,control
11,,emotional,55,control
11,,emotional,55,control
13,,perceptual,56,control
13,,emotional,56,control
11,,perceptual,56,control
11,6,perceptual,56,control
13,,emotional,56,control
13,,emotional,56,control
8,,emotional,56,control
13,,perceptual,56,control
7,,perceptual,56,control
13,6,emotional,56,control
7,7,perceptual,56,control
8,5,emotional,56,control
13,8,perceptual,56,control
12,6,emotional,56,control
12,5,perceptual,56,control
7,,emotional,56,control
11,6,perceptual,56,control
12,3,perceptual,56,control
7,,perceptual,56,control
7,,perceptual,56,control
7,,emotional,56,control
13,,emotional,56,control
12,6,perceptual,56,control
7,,emotional,56,control
11,,perceptual,56,control
8,,emotional,56,control
12,7,emotional,56,control
8,7,perceptual,56,control
11,,emotional,56,control
12,1,perceptual,56,control
7,5,perceptual,56,control
7,6,emotional,56,control
12,7,perceptual,56,control
8,,emotional,56,control
13,1,emotional,56,control
7,3,perceptual,56,control
12,,emotional,56,control
7,2,perceptual,56,control
13,5,emotional,56,control
12,,emotional,56,control
7,,emotional,57,control
11,6,emotional,57,control
11,,emotional,57,control
7,,emotional,57,control
8,1,emotional,57,control
13,,perceptual,57,control
13,,perceptual,57,control
8,,emotional,57,control
12,,perceptual,57,control
8,,emotional,57,control
7,,perceptual,57,control
13,,perceptual,57,control
11,,emotional,57,control
13,,emotional,57,control
7,3,emotional,57,control
8,,perceptual,57,control
11,,perceptual,57,control
7,,perceptual,57,control
8,3,perceptual,57,control
11,,emotional,57,control
13,1,emotional,57,control
13,5,emotional,57,control
13,2,emotional,57,control
8,,perceptual,57,control
7,2,perceptual,57,control
12,1,perceptual,57,control
13,6,perceptual,57,control
13,1,perceptual,57,control
7,,emotional,57,control
11,6,perceptual,57,control
7,,perceptual,57,control
13,1,perceptual,57,control
7,,emotional,57,control
13,,emotional,57,control
11,,emotional,57,control
8,3,perceptual,57,control
7,,perceptual,57,control
13,,emotional,57,control
12,2,perceptual,57,control
8,6,emotional,57,control
7,,emotional,58,control
11,,perceptual,58,control
7,,emotional,58,control
13,,emotional,58,control
12,4,emotional,58,control
12,6,perceptual,58,control
13,4,perceptual,58,control
7,,emotional,58,control
12,2,emotional,58,control
12,,perceptual,58,control
7,,emotional,58,control
7,,emotional,58,control
12,5,emotional,58,control
8,4,perceptual,58,control
12,,emotional,58,control
7,,perceptual,58,control
7,1,perceptual,58,control
7,,emotional,58,control
13,,perceptual,58,control
7,,perceptual,58,control
13,,perceptual,58,control
7,2,emotional,58,control
7,,perceptual,58,control
13,2,emotional,58,control
7,,perceptual,58,control
7,,emotional,58,control
11,6,perceptual,58,control
13,,emotional,58,control
7,,emotional,58,control
12,7,emotional,58,control
7,,perceptual,58,control
11,,perceptual,58,control
12,,perceptual,58,control
7,,perceptual,58,control
8,,perceptual,58,control
8,,perceptual,58,control
11,,emotional,58,control
13,4,emotional,58,control
8,,emotional,58,control
7,1,perceptual,58,control
12,,emotional,59,control
7,,emotional,59,control
12,9,emotional,59,control
12,5,perceptual,59,control
13,6,perceptual,59,control
11,,emotional,59,control
11,,emotional,59,control
13,,emotional,59,control
13,7,perceptual,59,control
12,,perceptual,59,control
8,2,perceptual,59,control
7,,emotional,59,control
12,,perceptual,59,control
7,,emotional,59,control
12,,emotional,59,control
8,,perceptual,59,control
7,5,emotional,59,control
13,,perceptual,59,control
11,3,emotional,59,control
11,,perceptual,59,control
8,6,perceptual,59,control
13,,perceptual,59,control
12,,perceptual,59,control
12,8,perceptual,59,control
12,3,perceptual,59,control
13,,perceptual,59,control
7,7,emotional,59,control
7,,emotional,59,control
13,,perceptual,59,control
13,,emotional,59,control
12,,perceptual,59,control
13,6,emotional,59,control
12,,emotional,59,control
12,2,perceptual,59,control
13,,perceptual,59,control
8,,emotional,59,control
11,5,perceptual,59,control
13,3,emotional,59,control
13,3,emotional,59,control
13,3,emotional,59,control
11,,emotional,60,control
13,1,perceptual,60,control
12,,perceptual,60,control
7,,emotional,60,control
13,,emotional,60,control
8,,perceptual,60,control
13,4,perceptual,60,control
8,,emotional,60,control
7,,perceptual,60,control
7,,emotional,60,control
13,,perceptual,60,control
13,1,emotional,60,control
13,,perceptual,60,control
,,,,control
11,,emotional,60,control
13,,emotional,60,control
13,,emotional,60,control
7,,perceptual,60,control
7,,perceptual,60,control
13,,emotional,60,control
13,6,perceptual,60,control
7,,emotional,60,control
13,2,emotional,60,control
11,,emotional,60,control
13,3,perceptual,60,control
13,1,emotional,60,control
7,,emotional,60,control
7,2,perceptual,60,control
7,,perceptual,60,control
13,,perceptual,60,control
13,4,emotional,60,control
13,,perceptual,60,control
13,,perceptual,60,control
12,,perceptual,60,control
12,2,emotional,60,control
7,,emotional,60,control
11,2,emotional,60,control
8,4,perceptual,60,control
7,,perceptual,60,control
13,,perceptual,60,control
13,,perceptual,61,control
12,,perceptual,61,control
13,,emotional,61,control
12,,emotional,61,control
12,,emotional,61,control
12,,emotional,61,control
12,,emotional,61,control
11,,perceptual,61,control
13,5,perceptual,61,control
8,,perceptual,61,control
7,7,perceptual,61,control
13,,emotional,61,control
13,,perceptual,61,control
12,,emotional,61,control
11,5,emotional,61,control
12,,perceptual,61,control
13,7,emotional,61,control
8,,emotional,61,control
12,2,perceptual,61,control
13,,perceptual,61,control
13,,emotional,61,control
13,3,perceptual,61,control
13,1,emotional,61,control
13,3,emotional,61,control
7,,perceptual,61,control
11,,perceptual,61,control
11,1,emotional,61,control
13,6,perceptual,61,control
7,4,perceptual,61,control
11,4,emotional,61,control
12,,emotional,61,control
12,,emotional,61,control
7,,emotional,61,control
7,6,perceptual,61,control
13,4,emotional,61,control
12,10,perceptual,61,control
7,,perceptual,61,control
13,2,perceptual,61,control
12,,perceptual,61,control
13,1,emotional,61,control
7,,emotional,62,control
7,,emotional,62,control
7,,perceptual,62,control
11,,perceptual,62,control
12,1,perceptual,62,control
7,,perceptual,62,control
13,2,emotional,62,control
12,1,emotional,62,control
11,,emotional,62,control
12,8,perceptual,62,control
12,3,perceptual,62,control
12,,perceptual,62,control
7,2,perceptual,62,control
13,9,perceptual,62,control
12,8,perceptual,62,control
12,,emotional,62,control
8,,perceptual,62,control
7,,perceptual,62,control
13,6,perceptual,62,control
7,7,perceptual,62,control
7,,emotional,62,control
7,,perceptual,62,control
11,,emotional,62,control
12,8,perceptual,62,control
7,,perceptual,62,control
13,,perceptual,62,control
7,,emotional,62,control
12,6,emotional,62,control
13,1,emotional,62,control
7,8,perceptual,62,control
13,,emotional,62,control
11,,emotional,62,control
12,,emotional,62,control
8,4,emotional,62,control
7,10,perceptual,62,control
7,6,emotional,62,control
7,7,emotional,62,control
13,9,emotional,62,control
8,6,emotional,62,control
7,,emotional,62,control
12,3,perceptual,63,control
,,,,control
13,,emotional,63,control
7,2,emotional,63,control
7,7,emotional,63,control
8,6,emotional,63,control
11,,emotional,63,control
11,,emotional,63,control
11,,perceptual,63,control
11,,emotional,63,control
8,,perceptual,63,control
12,,perceptual,63,control
7,2,emotional,63,control
7,,emotional,63,control
12,,emotional,63,control
13,7,emotional,63,control
12,4,emotional,63,control
8,5,perceptual,63,control
12,,perceptual,63,control
8,,emotional,63,control
8,,perceptual,63,control
13,11,perceptual,63,control
8,4,perceptual,63,control
12,2,perceptual,63,control
12,,emotional,63,control
13,,emotional,63,control
7,12,perceptual,63,control
7,,perceptual,63,control
7,7,perceptual,63,control
12,3,perceptual,63,control
13,,perceptual,63,control
11,,perceptual,63,control
12,7,emotional,63,control
8,6,perceptual,63,control
13,,perceptual,63,control
12,9,emotional,63,control
7,,emotional,63,control
13,,perceptual,63,control
12,,perceptual,63,control
13,6,emotional,63,control
13,1,perceptual,64,control
13,1,emotional,64,control
12,,perceptual,64,control
11,,perceptual,64,control
8,1,emotional,64,control
12,,emotional,64,control
7,9,perceptual,64,control
7,,perceptual,64,control
12,,perceptual,64,control
12,8,perceptual,64,control
7,4,emotional,64,control
12,,perceptual,64,control
7,1,perceptual,64,control
7,,perceptual,64,control
11,,emotional,64,control
12,,perceptual,64,control
7,7,emotional,64,control
13,,emotional,64,control
11,,emotional,64,control
7,,perceptual,64,control
7,,perceptual,64,control
12,,emotional,64,control
12,9,emotional,64,control
7,,emotional,64,control
7,3,perceptual,64,control
13,6,perceptual,64,control
12,,emotional,64,control
12,9,emotional,64,control
13,5,emotional,64,control
7,1,perceptual,64,control
7,5,perceptual,64,control
8,,emotional,64,control
7,10,perceptual,64,control
7,,perceptual,64,control
,,,,control
7,,perceptual,64,control
7,,emotional,64,control
11,3,emotional,64,control
11,2,emotional,64,control
12,4,emotional,64,control
11,3,perceptual,65,control
7,,perceptual,65,control
13,5,emotional,65,control
13,,emotional,65,control
7,,emotional,65,control
12,,perceptual,65,control
13,4,perceptual,65,control
7,,perceptual,65,control
13,11,perceptual,65,control
12,2,emotional,65,control
7,3,perceptual,65,control
12,,emotional,65,control
13,1,perceptual,65,control
8,,emotional,65,control
12,8,emotional,65,control
13,2,emotional,65,control
13,9,perceptual,65,control
,,,,control
8,2,emotional,65,control
13,,emotional,65,control
13,,emotional,65,control
12,9,perceptual,65,control
8,3,perceptual,65,control
,,,,control
11,,emotional,65,control
13,,perceptual,65,control
7,11,perceptual,65,control
8,11,perceptual,65,control
13,,perceptual,65,control
8,,emotional,65,control
12,6,emotional,65,control
13,2,perceptual,65,control
7,,emotional,65,control
8,3,perceptual,65,control
11,8,emotional,65,control
11,5,emotional,65,control
13,,emotional,65,control
13,13,perceptual,65,control
8,,perceptual,65,control
11,,perceptual,65,control
7,,emotional,66,control
8,,emotional,66,control
12,,emotional,66,control
11,3,perceptual,66,control
7,,emotional,66,control
13,5,perceptual,66,control
13,,perceptual,66,control
11,6,perceptual,66,control
8,3,emotional,66,control
12,3,emotional,66,control
7,,perceptual,66,control
13,,emotional,66,control
11,,perceptual,66,control
7,2,emotional,66,control
12,,emotional,66,control
12,,emotional,66,control
12,2,perceptual,66,control
12,,perceptual,66,control
13,5,emotional,66,control
12,,emotional,66,control
13,2,emotional,66,control
12,5,perceptual,66,control
13,3,emotional,66,control
13,,perceptual,66,control
13,,perceptual,66,control
12,3,perceptual,66,control
7,,perceptual,66,control
13,,perceptual,66,control
8,4,emotional,66,control
12,,emotional,66,control
12,7,emotional,66,control
7,,perceptual,66,control
7,7,emotional,66,control
12,,perceptual,66,control
12,5,perceptual,66,control
7,7,emotional,66,control
13,,emotional,66,control
7,8,perceptual,66,control
13,,perceptual,66,control
11,2,perceptual,66,control
7,3,emotional,67,control
12,1,perceptual,67,control
7,,perceptual,67,control
11,6,perceptual,67,control
12,,emotional,67,control
12,,perceptual,67,control
12,3,perceptual,67,control
12,,perceptual,67,control
12,5,emotional,67,control
12,1,perceptual,67,control
13,8,perceptual,67,control
7,,emotional,67,control
13,,emotional,67,control
7,,emotional,67,control
8,5,perceptual,67,control
13,4,emotional,67,control
13,7,perceptual,67,control
8,4,perceptual,67,control
11,1,emotional,67,control
13,2,perceptual,67,control
11,7,emotional,67,control
13,,perceptual,67,control
7,8,emotional,67,control
13,,perceptual,67,control
13,,perceptual,67,control
12,,emotional,67,control
13,,perceptual,67,control
7,2,emotional,67,control
12,6,perceptual,67,control
13,,emotional,67,control
13,1,emotional,67,control
13,3,emotional,67,control
7,2,emotional,67,control
11,2,emotional,67,control
8,,emotional,67,control
13,,emotional,67,control
7,,emotional,67,control
7,9,perceptual,67,control
13,1,perceptual,67,control
13,,perceptual,67,control
7,5,emotional,68,control
11,,perceptual,68,control
11,9,perceptual,68,control
7,1,emotional,68,control
13,10,emotional,68,control
7,3,emotional,68,control
7,5,perceptual,68,control
11,,emotional,68,control
7,,emotional,68,control
12,4,emotional,68,control
13,5,emotional,68,control
13,,perceptual,68,control
8,,perceptual,68,control
13,4,emotional,68,control
13,,emotional,68,control
7,5,perceptual,68,control
8,,perceptual,68,control
12,5,perceptual,68,control
13,7,emotional,68,control
13,,perceptual,68,control
7,,perceptual,68,control
7,6,perceptual,68,control
12,,perceptual,68,control
12,7,perceptual,68,control
8,,perceptual,68,control
7,,emotional,68,control
7,6,emotional,68,control
7,7,emotional,68,control
7,,perceptual,68,control
13,,perceptual,68,control
13,6,emotional,68,control
,,,,control
8,,perceptual,68,control
7,7,emotional,68,control
12,,emotional,68,control
12,,emotional,68,control
7,4,perceptual,68,control
7,,emotional,68,control
8,,perceptual,68,control
12,,perceptual,68,control
13,4,emotional,69,control
12,,emotional,69,control
7,,emotional,69,control
8,,perceptual,69,control
13,4,perceptual,69,control
8,,perceptual,69,control
12,,perceptual,69,control
8,8,emotional,69,control
7,,emotional,69,control
12,,perceptual,69,control
11,2,emotional,69,control
12,,emotional,69,control
7,,emotional,69,control
8,4,perceptual,69,control
12,10,perceptual,69,control
7,,perceptual,69,control
7,1,perceptual,69,control
7,,perceptual,69,control
11,7,perceptual,69,control
7,,emotional,69,control
11,,emotional,69,control
7,2,perceptual,69,control
11,,emotional,69,control
13,,emotional,69,control
13,2,perceptual,69,control
13,10,perceptual,69,control
7,6,perceptual,69,control
11,10,emotional,69,control
13,4,emotional,69,control
12,2,perceptual,69,control
13,1,perceptual,69,control
12,5,emotional,69,control
7,,emotional,69,control
11,7,emotional,69,control
11,2,emotional,69,control
7,7,emotional,69,control
7,,emotional,69,control
12,1,perceptual,69,control
12,12,perceptual,69,control
13,11,perceptual,69,control
13,3,perceptual,70,control
8,,perceptual,70,control
12,4,emotional,70,control
12,1,emotional,70,control
7,,emotional,70,control
13,,perceptual,70,control
11,2,emotional,70,control
7,,emotional,70,control
8,5,perceptual,70,control
13,,emotional,70,control
12,,emotional,70,control
8,,perceptual,70,control
8,,perceptual,70,control
13,6,perceptual,70,control
12,,emotional,70,control
13,6,emotional,70,control
8,,emotional,70,control
12,2,emotional,70,control
13,,perceptual,70,control
8,1,perceptual,70,control
12,,emotional,70,control
13,,perceptual,70,control
13,1,perceptual,70,control
13,1,perceptual,70,control
8,,perceptual,70,control
8,9,perceptual,70,control
12,,emotional,70,control
8,6,emotional,70,control
12,8,perceptual,70,control
7,,perceptual,70,control
13,9,emotional,70,control
7,3,emotional,70,control
13,12,perceptual,70,control
13,,perceptual,70,control
12,2,emotional,70,control
12,4,perceptual,70,control
7,,perceptual,70,control
7,,emotional,70,control
12,,emotional,70,control
11,,emotional,70,control
7,,perceptual,71,control
7,,emotional,71,control
7,,emotional,71,control
7,,emotional,71,control
12,,perceptual,71,control
12,6,perceptual,71,control
7,3,perceptual,71,control
7,4,perceptual,71,control
12,,emotional,71,control
11,,perceptual,71,control
12,6,perceptual,71,control
12,,emotional,71,control
12,,emotional,71,control
11,,perceptual,71,control
13,,emotional,71,control
12,,perceptual,71,control
8,4,emotional,71,control
7,,perceptual,71,control
13,,perceptual,71,control
7,,perceptual,71,control
13,,emotional,71,control
,,,,control
11,,emotional,71,control
8,,emotional,71,control
8,,emotional,71,control
13,,emotional,71,control
12,,perceptual,71,control
12,,emotional,71,control
7,7,perceptual,71,control
12,,emotional,71,control
8,8,emotional,71,control
11,,emotional,71,control
13,,perceptual,71,control
13,3,perceptual,71,control
12,4,perceptual,71,control
7,,perceptual,71,control
7,,perceptual,71,control
13,,emotional,71,control
11,3,emotional,71,control
11,2,emotional,71,control
8,,emotional,72,control
13,,perceptual,72,control
11,2,perceptual,72,control
7,,emotional,72,control
7,,emotional,72,control
12,,perceptual,72,control
7,5,perceptual,72,control
12,,emotional,72,control
12,,emotional,72,control
12,7,perceptual,72,control
7,,emotional,72,control
13,,perceptual,72,control
13,,emotional,72,control
7,,emotional,72,control
12,5,perceptual,72,control
7,3,perceptual,72,control
13,,emotional,72,control
8,3,emotional,72,control
12,4,perceptual,72,control
8,,perceptual,72,control
13,,emotional,72,control
8,,perceptual,72,control
12,,perceptual,72,control
8,,perceptual,72,control
13,,perceptual,72,control
11,7,emotional,72,control
13,9,perceptual,72,control
11,10,perceptual,72,control
8,1,emotional,72,control
7,,perceptual,72,control
12,,emotional,72,control
13,4,perceptual,72,control
7,8,perceptual,72,control
13,,emotional,72,control
13,,emotional,72,control
7,8,emotional,72,control
12,,perceptual,72,control
8,,emotional,72,control
12,,emotional,72,control
8,,emotional,72,control
13,,emotional,73,control
13,,perceptual,73,control
12,,emotional,73,control
12,5,perceptual,73,control
8,,emotional,73,control
12,8,emotional,73,control
8,3,perceptual,73,control
13,4,emotional,73,control
7,5,perceptual,73,control
12,,emotional,73,control
13,4,emotional,73,control
8,,perceptual,73,control
13,,perceptual,73,control
7,6,perceptual,73,control
7,,perceptual,73,control
12,,perceptual,73,control
12,,emotional,73,control
12,,perceptual,73,control
7,2,emotional,73,control
7,,perceptual,73,control
12,,emotional,73,control
13,3,emotional,73,control
8,3,perceptual,73,control
8,8,perceptual,73,control
11,,emotional,73,control
8,9,perceptual,73,control
7,7,perceptual,73,control
12,7,perceptual,73,control
12,,perceptual,73,control
7,6,emotional,73,control
12,6,perceptual,73,control
8,3,emotional,73,control
13,6,emotional,73,control
11,,perceptual,73,control
7,7,emotional,73,control
12,8,emotional,73,control
12,,emotional,73,control
8,5,emotional,73,control
12,13,perceptual,73,control
12,,emotional,73,control
7,,emotional,74,control
12,1,perceptual,74,control
8,,emotional,74,control
7,,perceptual,74,control
12,3,perceptual,74,control
7,5,emotional,74,control
13,2,perceptual,74,control
8,2,perceptual,74,control
11,6,emotional,74,control
7,,perceptual,74,control
13,,perceptual,74,control
11,,perceptual,74,control
13,,perceptual,74,control
11,,emotional,74,control
7,7,perceptual,74,control
12,,emotional,74,control
13,,perceptual,74,control
7,,emotional,74,control
13,1,emotional,74,control
7,,perceptual,74,control
13,,perceptual,74,control
12,3,perceptual,74,control
7,3,emotional,74,control
11,,perceptual,74,control
12,,emotional,74,control
13,5,emotional,74,control
13,5,perceptual,74,control
8,,emotional,74,control
7,,emotional,74,control
7,,emotional,74,control
12,,emotional,74,control
13,3,perceptual,74,control
7,,emotional,74,control
13,,perceptual,74,control
13,,emotional,74,control
13,6,emotional,74,control
11,,emotional,74,control
8,6,perceptual,74,control
13,4,perceptual,74,control
7,,emotional,74,control
13,,perceptual,75,control
7,6,emotional,75,control
12,,perceptual,75,control
13,2,perceptual,75,control
12,,perceptual,75,control
12,3,emotional,75,control
12,6,emotional,75,control
13,2,perceptual,75,control
7,,emotional,75,control
8,,emotional,75,control
7,,emotional,75,control
13,11,emotional,75,control
11,5,perceptual,75,control
7,3,emotional,75,control
13,,perceptual,75,control
8,3,perceptual,75,control
13,7,emotional,75,control
12,,emotional,75,control
12,5,perceptual,75,control
7,7,perceptual,75,control
13,,emotional,75,control
7,2,emotional,75,control
13,6,emotional,75,control
8,3,perceptual,75,control
13,3,emotional,75,control
13,5,emotional,75,control
11,4,emotional,75,control
7,12,emotional,75,control
7,5,perceptual,75,control
13,,perceptual,75,control
13,8,perceptual,75,control
13,2,perceptual,75,control
12,,emotional,75,control
7,3,perceptual,75,control
12,,emotional,75,control
12,,perceptual,75,control
12,,perceptual,75,control
13,2,perceptual,75,control
7,6,perceptual,75,control
11,4,emotional,75,control
